<?xml version="1.0" encoding="UTF-8"?>
<project-private xmlns="http://www.netbeans.org/ns/project-private/1">
    <editor-bookmarks xmlns="http://www.netbeans.org/ns/editor-bookmarks/2" lastBookmarkId="0"/>
    <open-files xmlns="http://www.netbeans.org/ns/projectui-open-files/2">
        <group>
            <file>file:/home/shubham/NetBeansProjects/FinalPolice/src/java/Dao/PoliceDao.java</file>
            <file>file:/home/shubham/NetBeansProjects/FinalPolice/web/Loginfail.jsp</file>
            <file>file:/home/shubham/NetBeansProjects/FinalPolice/web/AllDataShow.jsp</file>
            <file>file:/home/shubham/NetBeansProjects/FinalPolice/web/PoliceLogin.jsp</file>
            <file>file:/home/shubham/NetBeansProjects/FinalPolice/web/index.html</file>
            <file>file:/home/shubham/NetBeansProjects/FinalPolice/web/signup.html</file>
            <file>file:/home/shubham/NetBeansProjects/FinalPolice/web/LoginCheck.jsp</file>
            <file>file:/home/shubham/NetBeansProjects/FinalPolice/web/AlreadySignup.jsp</file>
        </group>
    </open-files>
</project-private>
